mean_fit_time,std_fit_time,mean_score_time,std_score_time,param_hidden_layer_sizes,param_learning_rate_init,params,split0_test_score,split1_test_score,split2_test_score,split3_test_score,split4_test_score,mean_test_score,std_test_score,rank_test_score
142.2174611568451,43.2856873059561,0.0077991485595703125,0.0020608175455550585,"(25, 25)",0.001,"{'hidden_layer_sizes': (25, 25), 'learning_rate_init': 0.001}",-97960.22352954534,-37.56399612896862,-63.19603516414024,-51.230461964067594,-83.84414700200568,-19639.211633960906,39160.50889642485,2
120.53542008399964,25.534300721881575,0.05215291976928711,0.01334038888537384,"(25, 25)",0.01,"{'hidden_layer_sizes': (25, 25), 'learning_rate_init': 0.01}",-40681.79429456001,-36.0995337019644,-46.312309113195596,-38.43814144337443,-89.42745449746731,-8178.414346663201,16251.701471925991,1
121.91648788452149,3.0990989023884454,0.010763883590698242,0.0020980162176269137,"(50,)",0.001,"{'hidden_layer_sizes': (50,), 'learning_rate_init': 0.001}",-195552.93354099427,-41.69021560104503,-53.37847987566747,-88.18188215995903,-79.5620902999599,-39163.149241786174,78194.89397310182,4
70.6950897693634,9.290507185489085,0.010611534118652344,0.0007584167778124052,"(50,)",0.01,"{'hidden_layer_sizes': (50,), 'learning_rate_init': 0.01}",-143044.8041792056,-41.612138872908254,-35.28853662208205,-75.74464677881134,-82.00843454767013,-28655.891587205413,57194.45922266368,3
